Constituency,DistrictEnglish,DistrictNepali,CandidateEnglish,CandidateNepali,Source,Title,URL,Snippet,Content,RelevanceScore,ScrapedAt
2,chitwan,चितवन,Shobha Basukala,शोभा बासुकला,DDG (ne2),शोभा बासुकला :: Nepal Election 2082 | Thaha Khabar Candidate & Results Hub,https://election.thahakhabar.com/candidate-detail/2215,"प्रतिनिधिसभानिर्वाचन२०८२थाहाखबर होमपेज आइतबार, फागुन १०,२०८२चर्चित उम्मेद्वार राजनीतिक दल उम्मेदवार समाचार गृहपृष्ठ ...","प्रतिनिधिसभानिर्वाचन२०८२थाहाखबर होमपेज आइतबार, फागुन १०,२०८२चर्चित उम्मेद्वार राजनीतिक दल उम्मेदवार समाचार गृहपृष्ठ ...",36.0,2026-03-05T15:29:56.678832
2,chitwan,चितवन,Shobha Basukala,शोभा बासुकला,DDG (ne2),शोभा बासुकला :: Nepal Election 2082 | Baahrakhari Candidate & Results Hub,https://election.baahrakhari.com/candidate-detail/2215,वाग्मती जिल्ला (District)चितवननिर्वाचनक्षेत्र (Constituency):चितवन- २चितवन- २ का अन्य उमेदवारहरु,वाग्मती जिल्ला (District)चितवननिर्वाचनक्षेत्र (Constituency):चितवन- २चितवन- २ का अन्य उमेदवारहरु,29.0,2026-03-05T15:29:56.678848
2,chitwan,चितवन,Shobha Basukala,शोभा बासुकला,DDG (ne2),"शोभा बासुकला, चितवन - २, नेपाल मजदुर किसान पार्टी, Nepal Election 2082",https://election.onlinekhabar.com/central-candidate/shobha-basukala,"चितवन-२ : रास्वपाका रवि तेस्रोपटक उम्मेदवार, कांग्रेस-एमालेबाट नयाँ अनुहार 3 weeks अगाडि","चितवन-२ : रास्वपाका रवि तेस्रोपटक उम्मेदवार, कांग्रेस-एमालेबाट नयाँ अनुहार 3 weeks अगाडि",19.0,2026-03-05T15:29:56.678851
2,chitwan,चितवन,Shobha Basukala,शोभा बासुकला,DDG (en1),ChangeNepal - शोभा बासुकला,https://www.changenepal.org/election/candidate/shobha-basukala/election-2082,"ChangeNepal is a review platform that allows citizens to track the political records of parties, businesses, and individuals, and leave reviews and ratings based on their experiences. Join the discussion and make your voice heard for a more transparent and accountable society.","ChangeNepal is a review platform that allows citizens to track the political records of parties, businesses, and individuals, and leave reviews and ratings based on their experiences. Join the discussion and make your voice heard for a more transparent and accountable society.",10.0,2026-03-05T15:29:56.678854
2,chitwan,चितवन,Shobha Basukala,शोभा बासुकला,Nepali Times,Nepalis Select Who To Elect,https://www.nepalitimes.com/news/nepalis-select-who-to-elect,,"Nepalis Select Who To Elect It is a partial poll when a quarter of the eligible electorate cannot vote? 27 February 2026 Sonia Awale 0 Photo: NT ARCHIVES Of the nearly 19 million eligible voters in next week’s election in Nepal, an estimated 5 million are abroad and cannot cast their ballots. Many others within Nepal must travel to their home districts, and might decide not to because of the cost. Flights into Kathmandu these days are full of global Nepalis returning just to vote, but almost as many are leaving for overseas jobs. Most of those coming or going are in the 20-40 age group, and a majority want Nepal to see a change in leadership. Bangladesh held an election this month in which citizens overseas could vote by mail. “Bangladesh made maximum use of technology not just for campaigning but also for polling itself. We could have also managed this, so people within Nepal did not have to travel to their home districts to vote,” says Mohna Ansari, former head of Nepal’s National Human Rights Commission who was an election observer in Bangladesh. A 3-day holiday has been declared so people can travel to their home constituencies to cast ballots. Even if there was not enough time to manage ballots for overseas Nepalis, it could have been done for Nepalis within Nepal. Former Chief Election Commissioner Bhojraj Pokharel reckons that physical voting in countries with a large Nepali diaspora would have been a logistical nightmare, but in the PR system, using electronic voting machines or paper ballot could have been piloted in some places. It is not possible to manage the entire voting process until we introduce the internet voting system. “First of all, there needs to be political will to bring the policy and be ready to undertake that level of investment and it is not a one-time cost,” Pokharel says. “A government formed by the GenZ could have atr least issed an ordinance ensuring this right, piloted out-of-country voting where possible, which could have built pressure for the future Parliament and the government. It would have given people hope. It is a lost opportunity.” All major political parties called for voting rights for global Nepalis in their manifestos, but these very leaders blocked legislation allowing it despite a 2017 Supreme Court ruling out of fear that it would be anti-incumbent. Why so late? Bangladesh delivered election results in just one day, but the final results of Nepal's last local polls in 2022 including that of Kathmandu constituencies took nearly a month. Acting Chief Election Commissioner Ram Prasad Bhandari said this week that the results of the First-Past-The-Post (FPTP) ballot counting would “likely” be published within 24 hours of the poll closing at 5PM on 5 March. But many are skeptical. “I wonder if we lack the capacity or know-how to announce results as quickly as possible,” says Mohna Ansari. Former Chief Election Commissioner Pokharel says manual ballot paper counting in Nepal is inherently slow because of the large numner of political parties and/or candidates on the ballot, the counting mechanism, the political behaviour of the candidates/parties and some managerial issues during counting. “Our present policy is to count all the ballot papers at the returning officers' officies, located at the district headquarters. It requires collecting ballot boxes safetly first. This takes time, and there have been cases of ballot boxes being damaged or stolen during transport. In a few highly difficult, geographically remote polling centres, we use a helicopter or transport. But sometimes, accommodating the party and candidates' representatives remains challenging,” explains Pokharel. A solution could be counting ballots at the very booths where they are cast. Another reason for the delay is simply the number of political parties, and the need for each ballot paper to be examined by booth representatives for consensus. In close races, the smallest difference can lead to tense situations, further delaying results, even though counting centres are protected by metal fencing so there is no disruption. After this, then it is the turn of Proportional Representation (PR) ballots to be counted. Weeks pass by the time the results of candidates and parties are tallied and verified. But the most common delay is because election officers think ballot counting is a nine-to-five job. “The efficiency of poll station officers is most important, and they are incentivised for this,” says Ansari, adding that counting can even start within an hour after voting closes. In remote areas, local resources could be mobilised to make counting quicker, but there is a crisis of trust, adds Ansari. That could be easily solved with electronic voting which the EC implemented in the 2008 polls but discontinued because political parties felt the machines could be hacked or manipulated. Sonia Awale writer Sonia Awale is the Editor of Nepali Times where she also serves as the health, science and environment cor",7.2,2026-03-05T15:29:56.678857
2,chitwan,चितवन,Shobha Basukala,शोभा बासुकला,OnlineKhabar EN,A new test for Oli as Balen gains ground in Jhapa-5,https://english.onlinekhabar.com/oli-vs-balen-gains-ground-in-jhapa-5.html,,"A new test for Oli as Balen gains ground in Jhapa-5 Prasun Sangroula Friday, February 27, 2026 0 Comments Jhapa: As Nepal approaches its parliamentary elections on March 5, the political atmosphere across the country has grown increasingly charged. Specifically in  Jhapa-5, the contest appears particularly intense because it features K.P. Sharma Oli, chairman of the Communist Party of Nepal (Unified Marxist–Leninist), against Balendra Shah, widely known as Balen, a senior leader of the Rastriya Swatantra Party (RSP). Both men are viewed as potential prime ministerial contenders if their parties secure enough seats in Parliament. Jhapa-5 has long been considered Oli’s political stronghold. With the exception of the elections held around the 2006 people’s movement, he has consistently won here. Yet this year, the mood appears different. From tea shops and neighbourhood gatherings to street vendors and rickshaw drivers, conversations suggest that  Oli’s victory is no longer viewed as inevitable. When Balen arrived in Damak on January 20 to file his candidacy , an unusually large crowd gathered at the town square, a scene not witnessed for other challengers in previous elections. Since that day, his presence in the constituency has been difficult to ignore. Who ultimately prevails will be determined only after ballots are counted. But Balen’s growing visibility has become a central feature of the campaign. A long-time UML party activist in Jhapa-5, speaking on condition of anonymity, said he had decided to vote for Balen in the direct race. “We supported K.P. Oli for many years, but now we have little hope left,” he says. “With someone new, at least there is a possibility of change.” The activist, who lives in an informal settlement, said Oli had repeatedly promised land ownership certificates to residents but failed to deliver. “We stood by him continuously. But this time we will not accept what we see as false assurances.” Such defections are unusual in a constituency widely regarded as a UML bastion. The activist added that while he would vote for Balen in the first-past-the-post race, he would still support UML under the proportional representation system. Another local party worker from the Nepali Congress, also speaking anonymously, described Balen’s influence as “genuinely strong.” He said he planned to vote for his party under proportional representation but would support the Rastriya Swatantra Party in the direct contest. “From what we see on the ground, either Balen or the Rastriya Swatantra Party could come out on top,” he says, adding that the Congress candidate appeared comparatively weak. “This constituency has trusted Oli many times, but people feel the expected results did not follow.” Local grievances extend beyond partisan politics. Landowners affected by the proposed East–West railway project say their property has been frozen for years without compensation. Some residents blame Oli for failing to resolve the issue during his tenure. The extent to which K.P. Sharma Oli has been going door to door seeking votes during this campaign suggests that the situation in Jhapa-5 is different from previous elections. The kinds of questions he has faced from voters while canvassing further indicate that he may encounter significant challenges in securing victory this time. “Although he has not appeared equally active in the nationwide campaign, Oli’s heightened focus on Jhapa-5 signals that he is facing a tougher contest here compared with past years,” says Sagar Siwakoti, a political analyst based in Jhapa. Balen’s influence in Jhapa-5 has grown so markedly that his door-to-door events now draw unusually large crowds, at times making it difficult to carry out the campaign effectively. Development has not been absent from Jhapa-5, said Madan Rajbanshi, Editor in Chief of the local media Gauriganj Darpan . But he noted that many projects have been concentrated in Damak, leaving areas such as Gauradaha and Gauriganj feeling neglected. Kankai River Bridge. Photo: Prasun Sangroula A bridge over the Kankai River along the Hulaki Highway has remained incomplete for 14 years. Another bridge over the Ratuwa River was finished only this year, after 17 years of delays and sustained public pressure. In the 2017 election campaign, Oli pledged to modernise the customs office in Gauriganj, but little progress has been made since. In parts of Gauradaha, unresolved land-mapping issues dating back decades have prevented property owners from securing bank loans or conducting formal transactions. Oli has repeatedly promised a solution, but the matter remains unsettled. “These are the reasons many voters in Gauradaha-4 and parts of Ward 5 may not support Oli this time,” Rajbanshi said. Santosh Dulal, a Jhapa-5 resident who is currently working closely with Balen, said public frustration with established leaders has deepened. “People are disillusioned with traditional politicians,” he says. “They feel their basic needs have ",6.9,2026-03-05T15:29:56.678859
2,chitwan,चितवन,Shobha Basukala,शोभा बासुकला,DDG (en1),Chitwan Constituency 2 - House of Representatives Election 2082 Results ...,https://election.nepsebajar.com/en/pratinidhi/54/chitwan-2-election-result-live-election-2082,"Liveelectionresults forChitwanConstituency No. 2 in theNepalFederal Parliament (House of Representatives)Election2082. View vote counts,candidatedetails, and constituency analysis. The voter age breakdown includes: 11,889 (18-25), 44,529 (26-40), 51,453 (41-60), and 29,279 (61+).","Liveelectionresults forChitwanConstituency No. 2 in theNepalFederal Parliament (House of Representatives)Election2082. View vote counts,candidatedetails, and constituency analysis. The voter age breakdown includes: 11,889 (18-25), 44,529 (26-40), 51,453 (41-60), and 29,279 (61+).",6.6,2026-03-05T15:29:56.678862
2,chitwan,चितवन,Shobha Basukala,शोभा बासुकला,Ratopati,कांग्रेस नेता डा.कोइरालाद्वारा मतदान,https://www.ratopati.com/story/548169/congress-leader-dr-koirala-casts-his-vote,,"कांग्रेस नेता डा.कोइरालाद्वारा मतदान रासस बिहीबार, २१ फागुन २०८२, १२ : ११ फाइल तस्बिर रासस बिहीबार, २१ फागुन २०८२ मोरङ ।  नेपाली कांग्रेसका डा.शेखर कोइरालाले विराटनगर महानगरपालिका–७ स्थित आदर्श माविमा रहेको मतदान केन्द्रबाट मतदान गरेका छन् । मोरङ क्षेत्र नं ६ का उम्मेदवारसमेत रहनुभएका डा शेखर कोइरालाले मतदानपछि पत्रकारसँग संक्षिप्त कुराकानी गर्दै सबैको आपसी सहकार्य र समन्वयबाट मुलुक निर्माणमा लाग्नुपर्ने धारणा राखे । डा.शेखर कोइराला खबर पढेर तपाईलाई कस्तो महसुस भयो ? प्रतिक्रिया लेखकको बारेमा रासस राष्ट्रिय समाचार समिति नेपालकाे  सरकारी समाचार संस्था हाे । लेखकबाट थप भर्खरै महिला मतदाताको उत्साहः ‘पहिला मत खसाल्ने, पछि काम गर्ने’ काठमाडौँ उपत्यकाका सुरक्षा प्रमुखहरूले गरे मतदान स्थलको निरीक्षण नवपुस्ताका मतदाता भन्छन् : ‘हाम्रो भविष्यसँग फेरि खेलबाड नहोस्’ कहाँ छन् इरानका ‘मित्र’ ? रुस र चीनले सैन्य सहयोग किन गर्दैनन्? ६७ वर्षदेखि मतदान : १०२ वर्षीय पौडेलले १० औँ पटक गरे संसदीय निर्वाचनमा मतदान बैतडीमा ३ बजेसम्म ५६ हजारले गरे मतदान ट्रेन्डिङ १. मतदान केन्द्रमा खटिएका कर्मचारी नै पक्राउ परेपछि... २. गन्तव्यमा नपुगी किन फर्कियो बालेन सवार हेलिकप्टर ? ३. बालेन चढेको हेलिकप्टर झापामा ल्यान्ड गरेन, काठमाडौँ फर्कँदै ४. श्रीलंका नजिकै इरानी युद्धपोतमा अमेरिकी आक्रमण, ८० नौसैनिकको मृत्यु ५. बुटवलमा पैसा बाँडेको आरोपमा एमाले र रास्वपाका कार्यकर्ताबिच झडप ६. कर्मचारीमाथि हातपात गर्न खोजेपछि दोलखामा हवाई फायर ७. चुनावमा खटिएका १२ जना सुरक्षाकर्मी र दुई मतदान अधिकृतको मृत्यु ८. राष्ट्रिय सुरक्षा परिषद्को बैठकले के गर्‍याे निर्णय ? छुटाउनुभयो कि ? निर्वाचन बहिष्कार गर्दै आन्दोलनको घोषणा प्रतिनिधि सभा उम्मेदवारले नै पार्टी छाडेपछि... प्रतिनिधि सभा उम्मेदवार पौडेलले फिर्ता लिए उम्मेदवारी रास्वपा र एमालेका कार्यकर्ताबिच झडप, २ जना घाइते धादिङमा बस दुर्घटना: १७ जनाको मृत्यु, २४ घाइते गौर झडप : ३ गाडी र दुई मोटरसाइकलमा आगजनी धादिङ बस दुर्घटनाः मृत्यु भएका १९ मध्ये ९ जनाको सनाखत (नामावलीसहित) बालेनलाई कारबाहीसहित नागरिकता रद्दको माग गर्दै गृह मन्त्रालयमा उजुरी",5.7,2026-03-05T15:29:56.678864
2,chitwan,चितवन,Shobha Basukala,शोभा बासुकला,Ratopati,मोरङमा दिउँसो २ बजेसम्म ३२ प्रतिशत मत खस्यो,https://www.ratopati.com/story/548241/32-percent-voter-turnout-in-morang-by-2-pm,,"मोरङमा दिउँसो २ बजेसम्म ३२ प्रतिशत मत खस्यो रातोपाटी संवाददाता बिहीबार, २१ फागुन २०८२, १४ : ५४ रातोपाटी संवाददाता बिहीबार, २१ फागुन २०८२ मोरङ । प्रतिनिधि सभा निर्वाचनअन्तर्गत मोरङमा दिउँसो २ बजेसम्म कुल ३२ प्रतिशत मत खसेको छ । जिल्ला प्रशासन कार्यालय मोरङले सार्वजनिक गरेको २ बजेसम्मको विवरण अनुसार, यस अवधिसम्म २ लाख ९२ हजार ४ सय २५ मत खसेको हो । जिल्लाभरिका ८८८ वटा मतदान केन्द्रहरूमा ७ लाख ८३ हजार ४० कुल मतदाता रहेका छन् । मोरङ मतदान खबर पढेर तपाईलाई कस्तो महसुस भयो ? प्रतिक्रिया लेखकको बारेमा रातोपाटी संवाददाता ‘सबैको, सबैभन्दा राम्रो’ रातोपाटी डटकम। लेखकबाट थप भर्खरै महिला मतदाताको उत्साहः ‘पहिला मत खसाल्ने, पछि काम गर्ने’ काठमाडौँ उपत्यकाका सुरक्षा प्रमुखहरूले गरे मतदान स्थलको निरीक्षण नवपुस्ताका मतदाता भन्छन् : ‘हाम्रो भविष्यसँग फेरि खेलबाड नहोस्’ कहाँ छन् इरानका ‘मित्र’ ? रुस र चीनले सैन्य सहयोग किन गर्दैनन्? ६७ वर्षदेखि मतदान : १०२ वर्षीय पौडेलले १० औँ पटक गरे संसदीय निर्वाचनमा मतदान बैतडीमा ३ बजेसम्म ५६ हजारले गरे मतदान ट्रेन्डिङ १. मतदान केन्द्रमा खटिएका कर्मचारी नै पक्राउ परेपछि... २. गन्तव्यमा नपुगी किन फर्कियो बालेन सवार हेलिकप्टर ? ३. बालेन चढेको हेलिकप्टर झापामा ल्यान्ड गरेन, काठमाडौँ फर्कँदै ४. श्रीलंका नजिकै इरानी युद्धपोतमा अमेरिकी आक्रमण, ८० नौसैनिकको मृत्यु ५. बुटवलमा पैसा बाँडेको आरोपमा एमाले र रास्वपाका कार्यकर्ताबिच झडप ६. कर्मचारीमाथि हातपात गर्न खोजेपछि दोलखामा हवाई फायर ७. चुनावमा खटिएका १२ जना सुरक्षाकर्मी र दुई मतदान अधिकृतको मृत्यु ८. राष्ट्रिय सुरक्षा परिषद्को बैठकले के गर्‍याे निर्णय ? छुटाउनुभयो कि ? निर्वाचन बहिष्कार गर्दै आन्दोलनको घोषणा प्रतिनिधि सभा उम्मेदवारले नै पार्टी छाडेपछि... प्रतिनिधि सभा उम्मेदवार पौडेलले फिर्ता लिए उम्मेदवारी रास्वपा र एमालेका कार्यकर्ताबिच झडप, २ जना घाइते धादिङमा बस दुर्घटना: १७ जनाको मृत्यु, २४ घाइते गौर झडप : ३ गाडी र दुई मोटरसाइकलमा आगजनी धादिङ बस दुर्घटनाः मृत्यु भएका १९ मध्ये ९ जनाको सनाखत (नामावलीसहित) बालेनलाई कारबाहीसहित नागरिकता रद्दको माग गर्दै गृह मन्त्रालयमा उजुरी",5.1,2026-03-05T15:29:56.678866
2,chitwan,चितवन,Shobha Basukala,शोभा बासुकला,Ratopati,"उदयपुरमा मोटरसाइकल रुखमा ठोक्किँदा एकको मृत्यु, दुई जना गम्भीर घाइते",https://www.ratopati.com/story/548190/one-dead-two-seriously-injured-after-motorcycle-crashes-into-tree-in-udayapur,,"उदयपुरमा मोटरसाइकल रुखमा ठोक्किँदा एकको मृत्यु, दुई जना गम्भीर घाइते रातोपाटी संवाददाता बिहीबार, २१ फागुन २०८२, १२ : ५१ रातोपाटी संवाददाता बिहीबार, २१ फागुन २०८२ सारांश उदयपुरको चौदण्डीगढीमा मोटरसाइकल दुर्घटना हुँदा एक जनाको मृत्यु भएको छ। दुर्घटनामा दुई जना गम्भीर घाइते भएका छन् र उनीहरूको विराटनगरमा उपचार भइरहेको छ। प्रहरीले घटनाको अनुसन्धान गरिरहेको छ, तीव्र गति र तीन जना सवार हुनु दुर्घटनाको कारण हुनसक्ने अनुमान छ। उदयपुर । उदयपुरको चौदण्डीगढी नगरपालिकामा आज बिहान मोटरसाइकल दुर्घटना हुँदा एक जनाको मृत्यु भएको छ भने दुई जना गम्भीर घाइते भएका छन् । मदन भण्डारी लोकमार्ग अन्तर्गत चौदण्डीगढी नगरपालिका वडा नं। १० भिमा खण्डमा गाईघाटबाट बेल्टारतर्फ जाँदै गरेको प्र.०१-०५-००२ प १८२७ नम्बरको मोटरसाइकल अनियन्त्रित भई दुर्घटना भएको हो । तीव्र गतिमा रहेको मोटरसाइकल सडकको उत्तरतर्फ रहेको सखुवाको रुखमा ठोक्किँदा मोटरसाइकल चालक चौदण्डीगढी नगरपालिका–५ सिवाई बस्ने १८ वर्षीय समिर चौधरीको मृत्यु भएको प्रहरीले जनाएको छ । दुर्घटनामा गम्भीर घाइते भएका चौधरीलाई तत्काल उद्धार गरी नगर अस्पताल बेल्टार लगिएकोमा अस्पताल पुर्‍याउनासाथ चिकित्सकले मृत घोषणा गरेका थिए । सोही दुर्घटनामा परी मोटरसाइकलमा सवार अन्य दुई जना गम्भीर घाइते भएका छन् । घाइते हुनेहरूमा चौदण्डीगढी–५ सिवाई बस्ने १८ वर्षीय मौसम चौधरी र सोही ठाउँका २३ वर्षीय अशोक चौधरी रहेका छन् । घाइते दुवै जनालाई नगर अस्पतालमा सामान्य उपचारपछि थप उपचारका लागि विराटनगरस्थित सुविधा सम्पन्न अस्पतालमा रेफर गरिएको छ । बिहान करिब ११:०० बजे भएको उक्त दुर्घटनाको विषयमा इलाका प्रहरी कार्यालय बेल्टारबाट खटिएको प्रहरी टोलीले थप अनुसन्धान गरिरहेको जनाएको छ । एउटै मोटरसाइकलमा तीन जना सवार रहेकाले अनियन्त्रित भई दुर्घटना भएको हुनसक्ने प्रारम्भिक अनुमान गरिएको छ । घाइते मोटरसाइकल दुर्घटना उदयपुर दुर्घटना खबर पढेर तपाईलाई कस्तो महसुस भयो ? प्रतिक्रिया लेखकको बारेमा रातोपाटी संवाददाता ‘सबैको, सबैभन्दा राम्रो’ रातोपाटी डटकम। लेखकबाट थप भर्खरै महिला मतदाताको उत्साहः ‘पहिला मत खसाल्ने, पछि काम गर्ने’ काठमाडौँ उपत्यकाका सुरक्षा प्रमुखहरूले गरे मतदान स्थलको निरीक्षण नवपुस्ताका मतदाता भन्छन् : ‘हाम्रो भविष्यसँग फेरि खेलबाड नहोस्’ कहाँ छन् इरानका ‘मित्र’ ? रुस र चीनले सैन्य सहयोग किन गर्दैनन्? ६७ वर्षदेखि मतदान : १०२ वर्षीय पौडेलले १० औँ पटक गरे संसदीय निर्वाचनमा मतदान बैतडीमा ३ बजेसम्म ५६ हजारले गरे मतदान ट्रेन्डिङ १. मतदान केन्द्रमा खटिएका कर्मचारी नै पक्राउ परेपछि... २. गन्तव्यमा नपुगी किन फर्कियो बालेन सवार हेलिकप्टर ? ३. बालेन चढेको हेलिकप्टर झापामा ल्यान्ड गरेन, काठमाडौँ फर्कँदै ४. श्रीलंका नजिकै इरानी युद्धपोतमा अमेरिकी आक्रमण, ८० नौसैनिकको मृत्यु ५. बुटवलमा पैसा बाँडेको आरोपमा एमाले र रास्वपाका कार्यकर्ताबिच झडप ६. कर्मचारीमाथि हातपात गर्न खोजेपछि दोलखामा हवाई फायर ७. चुनावमा खटिएका १२ जना सुरक्षाकर्मी र दुई मतदान अधिकृतको मृत्यु ८. राष्ट्रिय सुरक्षा परिषद्को बैठकले के गर्‍याे निर्णय ? छुटाउनुभयो कि ? निर्वाचन बहिष्कार गर्दै आन्दोलनको घोषणा प्रतिनिधि सभा उम्मेदवारले नै पार्टी छाडेपछि... प्रतिनिधि सभा उम्मेदवार पौडेलले फिर्ता लिए उम्मेदवारी रास्वपा र एमालेका कार्यकर्ताबिच झडप, २ जना घाइते धादिङमा बस दुर्घटना: १७ जनाको मृत्यु, २४ घाइते गौर झडप : ३ गाडी र दुई मोटरसाइकलमा आगजनी धादिङ बस दुर्घटनाः मृत्यु भएका १९ मध्ये ९ जनाको सनाखत (नामावलीसहित) बालेनलाई कारबाहीसहित नागरिकता रद्दको माग गर्दै गृह मन्त्रालयमा उजुरी",5.1,2026-03-05T15:29:56.678868
2,chitwan,चितवन,Shobha Basukala,शोभा बासुकला,Ratopati,ओखलढुंगाको मानेभन्ज्याङका मतदाताले गरेनन् मतदान,https://www.ratopati.com/story/548144/voters-in-manebhanjyang-okhaldhunga-did-not-vote,,"ओखलढुंगाको मानेभन्ज्याङका मतदाताले गरेनन् मतदान रातोपाटी संवाददाता बिहीबार, २१ फागुन २०८२, ११ : १९ रातोपाटी संवाददाता बिहीबार, २१ फागुन २०८२ सारांश ओखलढुंगाको टोक्सेलस्थित मतदान केन्द्रका मतदाताहरूले मतदान बहिष्कार गरेका छन्। स्थानीयहरू प्रदेश सरकारले अस्पताल नबनाएको विरोधमा नो भोटमा उत्रिएका थिए। मुख्य निर्वाचन अधिकृतका अनुसार उक्त मतदान केन्द्रमा ७०१ मतदाता रहेका थिए। काठमाडौँ । ओखलढुंगाको एक मतदान केन्द्रका मतदाताहरुले मतदान बहिस्कार गरेका छन् । जिल्लाको मानेभञ्ज्याङ गाउँपालिका–७ को टोक्सेलस्थित मतदान केन्द्रमा मतदाताहरू मतादनमा सहभागी नभएको मुख्य निर्वाचन अधिकृत हरिप्रसाद कोइरालाले जानकारी दिए । स्थानीयले मत नहालेको खबरपछि आफू उक्त मतदान केन्द्र पुग्दा कोही पनि मतदाता उपस्थित नभएको पाइएको मुख्य निर्वाचन अधिकृत कोइरालाले बताए । ‘त्यहाँका मतदाता नो भोटमा उत्रिएको पाइयो । यो जानकारी आयोगका कार्यवहाक प्रमुख निर्वाचन आयुक्तलाई जानकारी गराइसकेको छु’, कोइरालाले रातोपाटीसँग भने । ‘जनप्रतिनिधिहरू गएर मुचुल्का गरिदिनुभएको छ । कर्मचारीहररू बसिरहनुभएको छ । भरे बेलुकासम्म कर्मचारीहररूको समानुपातिक जति भोट खस्छ त्यही मुचुल्का उठाएर पठाउँछौ’, मुख्य निर्वाचन अधिकृत कोइरालाले भने । मानेभञ्ज्याङ गाउँपालिकाका अध्यक्ष ज्ञानेन्द्र रूम्दालीले उक्त मतदान केन्द्रमा ७०१ जना मतदाता रहे पनि कोही पनि मतदानमा सहभागी नभएको बताए । उनका अनुसार प्रदेश सरकारले त्यस क्षेत्रमा प्रादेशिक अस्पताल बनाउने भने पनि काम सुरू नगरेको भन्दै स्थानीयहरू विरोधमा उत्रिएर मतदानमा सहभागी नभएको बताए । मतदान बहिस्कार ओखलढुंगा खबर पढेर तपाईलाई कस्तो महसुस भयो ? प्रतिक्रिया लेखकको बारेमा रातोपाटी संवाददाता ‘सबैको, सबैभन्दा राम्रो’ रातोपाटी डटकम। लेखकबाट थप भर्खरै महिला मतदाताको उत्साहः ‘पहिला मत खसाल्ने, पछि काम गर्ने’ काठमाडौँ उपत्यकाका सुरक्षा प्रमुखहरूले गरे मतदान स्थलको निरीक्षण नवपुस्ताका मतदाता भन्छन् : ‘हाम्रो भविष्यसँग फेरि खेलबाड नहोस्’ कहाँ छन् इरानका ‘मित्र’ ? रुस र चीनले सैन्य सहयोग किन गर्दैनन्? ६७ वर्षदेखि मतदान : १०२ वर्षीय पौडेलले १० औँ पटक गरे संसदीय निर्वाचनमा मतदान बैतडीमा ३ बजेसम्म ५६ हजारले गरे मतदान ट्रेन्डिङ १. मतदान केन्द्रमा खटिएका कर्मचारी नै पक्राउ परेपछि... २. गन्तव्यमा नपुगी किन फर्कियो बालेन सवार हेलिकप्टर ? ३. बालेन चढेको हेलिकप्टर झापामा ल्यान्ड गरेन, काठमाडौँ फर्कँदै ४. श्रीलंका नजिकै इरानी युद्धपोतमा अमेरिकी आक्रमण, ८० नौसैनिकको मृत्यु ५. बुटवलमा पैसा बाँडेको आरोपमा एमाले र रास्वपाका कार्यकर्ताबिच झडप ६. कर्मचारीमाथि हातपात गर्न खोजेपछि दोलखामा हवाई फायर ७. चुनावमा खटिएका १२ जना सुरक्षाकर्मी र दुई मतदान अधिकृतको मृत्यु ८. राष्ट्रिय सुरक्षा परिषद्को बैठकले के गर्‍याे निर्णय ? छुटाउनुभयो कि ? निर्वाचन बहिष्कार गर्दै आन्दोलनको घोषणा प्रतिनिधि सभा उम्मेदवारले नै पार्टी छाडेपछि... प्रतिनिधि सभा उम्मेदवार पौडेलले फिर्ता लिए उम्मेदवारी रास्वपा र एमालेका कार्यकर्ताबिच झडप, २ जना घाइते धादिङमा बस दुर्घटना: १७ जनाको मृत्यु, २४ घाइते गौर झडप : ३ गाडी र दुई मोटरसाइकलमा आगजनी धादिङ बस दुर्घटनाः मृत्यु भएका १९ मध्ये ९ जनाको सनाखत (नामावलीसहित) बालेनलाई कारबाहीसहित नागरिकता रद्दको माग गर्दै गृह मन्त्रालयमा उजुरी",5.1,2026-03-05T15:29:56.678871
2,chitwan,चितवन,Shobha Basukala,शोभा बासुकला,OnlineKhabar EN,These documents are valid for voting without a voter ID card,https://english.onlinekhabar.com/documents-valid-for-voting.html,,"These documents are valid for voting without a voter ID card Onlinekhabar Wednesday, March 4, 2026 0 Comments Representational sketch: Nepali citizenship Kathmandu, March 4 As the House of Representatives elections take place on Thursday, hundreds of thousands of people have returned to their villages to cast their votes. This general election comes in the wake of the Gen Z protests held on September 8 and 9, which played a significant role in shaping the current political landscape. While many voters have participated in previous elections, a large number will be voting for the first time. The total number of voters in this election has reached 19,005,324. In comparison, the 2022 House of Representatives election had 17,988,570 registered voters. This time, 1,016,754 additional voters have been added to the electoral roll, pushing the total past 19 million. More than one million newly registered voters are expected to cast their ballots for the first time in a House of Representatives election. Unlike previous elections, voter ID cards have not been issued to newly registered voters. The government has only completed name registration for them. However, voters without a voter ID card can still cast their ballots by presenting alternative identification documents. Accepted documents include Citizenship Passport Driving license National Identity Card (NID) Land ownership certificate. React to this post Hot Topics election Sarlahi march 5 voting voter sushile karki Conversation New Old Popular Related News Election highlights: Rabi salutes ballot box, Hark escorts mother to vote 40 minutes ago Prime Minister Sushila Karki casts her vote 6 hours ago Voting begins across Nepal for House of Representatives Elections 6 hours ago Inside election preparations in Jhapa-5 (Photos) 19 hours ago Home Ministry confirms election security and arrangements finalised across all 77 districts 1 day ago How long will government formation take after the election? 1 day ago Most Read A new test for Oli as Balen gains ground in Jhapa-5 Holi colours and skin health: Risks and precautions These documents are valid for voting without a voter ID card 481 licensed firearms handed to administration in Madhesh Nepal enters voting silence period: Do’s and don’ts for voters and parties Subscribe to our newsletter Subscribe to Onlinekhabar English to get notified of exclusive news stories. Editor's Pick Economy Budget ceiling set lower for FY 2083/84 as government moves to curb overspending trend 2 weeks ago Editor's Pick Nepal’s election campaign gains pace but manifestos remain absent 1 month ago Editor's Pick Meet Sharda Kumari Paudel, first female principal of Nepal’s oldest school 3 months ago Editor's Pick Fearless and unbound Nepali youth make historic wheelchair bungee jump 3 months ago Food & beverage Know what are yomaris and learn how to cook them on your own 3 months ago Also Read Politics Election highlights: Rabi salutes ballot box, Hark escorts mother to vote 40 minutes ago Politics Sarlahi CDO says minor disputes settled, situation scross district better than expected 3 hours ago Politics Prime Minister Sushila Karki casts her vote 6 hours ago Politics Voting begins across Nepal for House of Representatives Elections 6 hours ago Politics Inside election preparations in Jhapa-5 (Photos) 19 hours ago",5.1,2026-03-05T15:29:56.678873
2,chitwan,चितवन,Shobha Basukala,शोभा बासुकला,OnlineKhabar EN,481 licensed firearms handed to administration in Madhesh,https://english.onlinekhabar.com/481-licensed-firearms-handed-to-administration-in-madhesh.html,,"481 licensed firearms handed to administration in Madhesh Rastriya Samachar Samiti (RSS) Friday, February 27, 2026 0 Comments File Janakpurdham, February 27 Four hundred and eighty-one firearms (guns) have been handed to the district administration in Madhesh Province, in response to the notice issued targeting the House of Representatives elections. According to the Madhesh Province Police Office, Janakpurdham, weapons have been received in that number to date following the notice issued by the district administration offices under the province to conduct the election in a free and fearless environment. Although there are records that various individuals in eight districts in the Province have obtained 2,531 licensed firearms, the office has stated that only 481 have been received so far. There are still 2,050 firearms remaining to be surrendered. The local administration had issued a notice to surrender weapons to the nearest police unit or district police office. React to this post Hot Topics election Sarlahi march 5 voting voter sushile karki Rastriya Samachar Samiti (RSS) RSS is a government-run national news portal of Nepal. More From the Author Conversation New Old Popular Related News Cold wave hits Madhesh, poor families left to endure freezing nights 2 months ago Madhesh Chief Minister to expand cabinet today, seek vote of confidence on Poush 4 3 months ago Deepening Madhesh turmoil leaves UML increasingly isolated 3 months ago Violence erupts in Madhesh over Chief Minister’s appointment 4 months ago Children drowning in water-filled pits emerging as major crisis in Madhesh 7 months ago Drought-stricken Madhesh finds hope in conservation ponds (Photos) 7 months ago Most Read A new test for Oli as Balen gains ground in Jhapa-5 Holi colours and skin health: Risks and precautions These documents are valid for voting without a voter ID card 481 licensed firearms handed to administration in Madhesh Nepal enters voting silence period: Do’s and don’ts for voters and parties Subscribe to our newsletter Subscribe to Onlinekhabar English to get notified of exclusive news stories. Editor's Pick Economy Budget ceiling set lower for FY 2083/84 as government moves to curb overspending trend 2 weeks ago Editor's Pick Nepal’s election campaign gains pace but manifestos remain absent 1 month ago Editor's Pick Meet Sharda Kumari Paudel, first female principal of Nepal’s oldest school 3 months ago Editor's Pick Fearless and unbound Nepali youth make historic wheelchair bungee jump 3 months ago Food & beverage Know what are yomaris and learn how to cook them on your own 3 months ago Also Read Politics Election highlights: Rabi salutes ballot box, Hark escorts mother to vote 40 minutes ago Politics Sarlahi CDO says minor disputes settled, situation scross district better than expected 3 hours ago Politics Prime Minister Sushila Karki casts her vote 6 hours ago Politics Voting begins across Nepal for House of Representatives Elections 6 hours ago Politics Inside election preparations in Jhapa-5 (Photos) 19 hours ago",5.1,2026-03-05T15:29:56.678875
2,chitwan,चितवन,Shobha Basukala,शोभा बासुकला,DDG (en2),Chitwan-2 | Nepal Parliament Election 2082 Results and Updates,https://nepalelectionupdates.com/district/chitwan/2,View all candidates andelectionresults forChitwanConstituency2inNepalParliamentElection2082.,View all candidates andelectionresults forChitwanConstituency2inNepalParliamentElection2082.,4.8,2026-03-05T15:29:56.678877
2,chitwan,चितवन,Shobha Basukala,शोभा बासुकला,DDG (ne2),गृहपृष्ठ | भोटर्स नेपाल २०८२ निर्वाचन पोर्टल,https://votersnepal.com/,"The primary digital hub for Nepal's 2082 General Elections. Explore candidates, find polling centers, and make an informed choice.","The primary digital hub for Nepal's 2082 General Elections. Explore candidates, find polling centers, and make an informed choice.",4.2,2026-03-05T15:29:56.678879
2,chitwan,चितवन,Shobha Basukala,शोभा बासुकला,DDG (en2),Chitwan Constituency No. 2 - Election 2082 - ChangeNepal,https://www.changenepal.org/election/constituency/chitwan-2-election-result-live-election-2082,Results and candidates for Chitwan-2.Nepalelection2082.,Results and candidates for Chitwan-2.Nepalelection2082.,4.2,2026-03-05T15:29:56.678881
2,chitwan,चितवन,Shobha Basukala,शोभा बासुकला,DDG (en2),Chitwan-2 : Province 3 - Nepal Election Latest Updates and Result for ...,https://election.ekantipur.com/pradesh-3/district-chitwan/constituency-2?lng=eng,"Chitwan-2 : Bagmati Province - Latest updates, results, candidates and analysis ofNepalElection2082Federal Parliament.","Chitwan-2 : Bagmati Province - Latest updates, results, candidates and analysis ofNepalElection2082Federal Parliament.",4.2,2026-03-05T15:29:56.678883
2,chitwan,चितवन,Shobha Basukala,शोभा बासुकला,DDG (ne2),Know Your Candidate Nepal Election 2082 (2026) | नेपाल निर्वाचन २०८२,https://knowyourcandidate.nepabrita.com/,"Know Your Candidate Nepal Election 2026 Independent, verified information about candidates to help you make an informed choice.","Know Your Candidate Nepal Election 2026 Independent, verified information about candidates to help you make an informed choice.",3.6,2026-03-05T15:29:56.678886
2,chitwan,चितवन,Shobha Basukala,शोभा बासुकला,DDG (en1),Chitwan District Official Election Guide 2082 | चितवन | Nepal Election 2082,https://election2082.erkshitiz.com.np/explore/bagmati/chitwan,"The authoritative electoral guide forChitwanDistrict. Explore comprehensive data on इन्द्र माया पौडेल, शोभा बासुकला, सीता देवी क्षेत्री, प्रताप सिंह तमाङ्ग, अर्जुन प्रजा, अनिल तामाङ, बद्री लक्ष्मी कवां ...","The authoritative electoral guide forChitwanDistrict. Explore comprehensive data on इन्द्र माया पौडेल, शोभा बासुकला, सीता देवी क्षेत्री, प्रताप सिंह तमाङ्ग, अर्जुन प्रजा, अनिल तामाङ, बद्री लक्ष्मी कवां ...",3.6,2026-03-05T15:29:56.678888
2,chitwan,चितवन,Shobha Basukala,शोभा बासुकला,Reddit/r/NepalSocial,[r/NepalSocial] Who should be the Ministerial Candidates from the RSP after elections?,https://www.reddit.com/r/NepalSocial/comments/1qgbfm5/who_should_be_the_ministerial_candidates_from_the/,↑21  💬54,"I know it might be a bit early, but it is increasingly looking like the RSP is going to be the biggest party in Nepal after the election. I am not delusional enough to believe that the RSP will get outright majority, but someplace between 80-100 seats in possible. They will probably do coalition with Gagan-led Congress and the RPP. Who do you think deserves to be Minister and what Portfolio (Ministry) should they carry?

Thanks for making a submission. Please use an appropriate flair for better reach and response. In case of a NSFW post, tag it as NSFW and use ""sax sux” flair if it applies. Otherwise, the post will be removed.

*I am a bot, and this action was performed automatically. Please [contact the moderators of this subreddit](/message/compose/?to=/r/NepalSocial) if you have any questions or concerns.*
---
Swornim for finance minister chai hunnai parxa
---
There are sobita ig she will be first choice for women or nayaa, swornim for finance, biraj bhakta might get second chance as sport other than that dp might not repeat, manish jha etc etc
---
* Swornim Wagle – Finance Minister
* Sobita Gautam – Law Minister (कानुन मन्त्री)
* Biraj Bhakta Man Shrestha – Culture Minister (सँस्कृति मन्त्री)
* Toshima Karki – Health Minister
* DP Aryal – Labour Minister
* Nisha Dangi – Women &amp; Children Minister (महिला तथा बालबालिका मन्त्री)
* Sishir Khanal – Education Minister
* Bishow Prakash Pokhrel - Home Minister
---
Coalition with NC,and next election RSP will become blue maoists!
Otherwise RSP should focus on being a true law maker party and a great opposition.
In Nepal we underestimate the power of opposition leader,don’t we?
---
Rajib khatry, bhojraj thapa, Ashif shah, rima bk, jwala sangraula, Raju pandey, Binita khathayet, Hari dhakal, dp aryal, toshima karki, sudhan gurung, himesh panta, khagendra sunar, Prakash saput, Ranju darshna, Ravi lamichhane all are capable of handling any ministry any time of the day🔥🔥🔥 Only Balen and Swornim are doubtful names. Aru sab candidates are A-one🎊
---
![gif](giphy|ftejgUpV7vr4q8Y5uz)

Kese sirf RSP ka criticism ho raha hai",3.6,2026-03-05T15:29:56.678890
2,chitwan,चितवन,Shobha Basukala,शोभा बासुकला,Reddit/r/Kerala,[r/Kerala] When do you think Kerala could possibly elect our first female Chief Minister? Who are the possible candidates who still have an outside chance to do so?,https://www.reddit.com/r/Kerala/comments/1o8rl2w/when_do_you_think_kerala_could_possibly_elect_our/,↑0  💬53,"**Missed/Denied opportunities:**

Even though **K R Gouri amma** was projected to be CM in 1987, CPM decided to show true colours after they won the elections and denied her chance and made *Nayanaar* CM. 

  
Same was the case, when **Suseela Gopalan** was the most talked to take CM role, again CPM chickened out and brought *Nayanaar* as CM. 

  
Here is my list of next in lines with an outside chance (random order):

1. **Shailaja teacher** (people's choice). But I highly doubt CPM would take the stand given she contested in Parliament election.

2. **Priyanka Gandhi** \- Unlikely possibility, but the only name I can see from Congress party. 

3. **Arya Rajendran** \- With the PR work and all support she gets from party, may be in next 20 years or so she might at least be portrayed as one candidate I believe. 

4. **Veena George** 

5. Shobha Surendran

Every political party in Kerala has poor representation of women in grassroot level. Unless this doesn't change we won't have any women CM's
---
aparat from Shailaja, everyone else is terrible. Again, Shailaja had a lot of PR support. More than half of covid actions were gimmicks tbh.  
Lets elect people with merit rather than male or female
---
Priyanka Gandhi? Heck nah. Let her contest from UP
---
Priyanka ? Eww
She's not even from Kerala 

And Shobha ji ?
Never
---
K. K Shailaja - not a chance.
---
CPIM will never allow Woman to come at the top.",3.6,2026-03-05T15:29:56.678892
2,chitwan,चितवन,Shobha Basukala,शोभा बासुकला,DDG (en1),Chitwan Constituency 2 Candidates | Nepal Election 2082,https://www.nepalelection.live/explore/chitwan/chitwan-2,View detailed list ofcandidatesforChitwanConstituency 2 inchitwandistrict. Get latestelectionupdates andcandidateinformation.,View detailed list ofcandidatesforChitwanConstituency 2 inchitwandistrict. Get latestelectionupdates andcandidateinformation.,3.3,2026-03-05T15:29:56.678894
2,chitwan,चितवन,Shobha Basukala,शोभा बासुकला,Nepali Times,Who is accountable for teacher-student relationships?,https://www.nepalitimes.com/here-now/who-is-accountable-for-teacher-student-relationships,,"Who is accountable for teacher-student relationships? “I was groomed, then I was sued for defamation,” says university alumna about a faculty member 26 February 2026 Subeksha Poudel 0 As a new student at Kathmandu University's Bachelor’s in Fine Arts in 2014, Mukta, 25 then, thought she must be doing something good when her teacher singled her out for attention. Her teacher was Sujan Chitrakar, then 40, the senior-most faculty, and a celebrated artist. Chitrakar has taught many contemporary Nepali artists and played an important role in establishing what is now KU’s Department of Art and Design (pictured). In between messages to Mukta about schoolwork, he texted to say he missed her or that she looked beautiful. She recalls being taken aback by a particular text that said: ‘I’m going for a bath. Do you want to see me?’ This was immediately followed with a cartoonish drawing with ‘Nude’ written next to it. Mukta awkwardly replied with a laugh, unsure how else to respond to such a message from her teacher, whom everyone placed on a pedestal. During Mukta’s first year in school, she says Chitrakar continued to shower her with gifts, asked her out for coffee, and insisted on driving her around. Once, when she was on his motorcycle returning home from university, Mukta remembers Chitrakar asking her to kiss him on his shoulder. When she refused, he apologised profusely, then asked if she was trying to seduce him. Seeing how shocked Mukta was, the teacher grabbed her hand and rubbed it against his chest, saying it was just a joke. A few weeks later, Chitrakar told Mukta that he couldn’t live without her and that they should be in a relationship. Having only looked up to him as a teacher, Mukta was uncertain about her feelings. When the earthquake struck in 2015, Chitrakar came to check on Mukta, and with her guards down, she felt perhaps his love was genuine. She didn’t doubt if she was safe with him. A decade later, still reeling from psychological trauma and career setbacks because of the relationship, Mukta is breaking her silence, accusing Chitrakar of abusing his power and grooming her. He had the duty of teaching and evaluating her, instead, Mukta says he used her for sex and emotional support from 2015 to 2019, while she was a student at KU. DEFAMATION SUIT She has been urging KU and art institutions to safeguard its students against sexual misconduct, but Chitrakar slammed a defamation lawsuit against her in January 2025 stating she damaged his reputation over what he described in court filings as a ""consensual relationship”. Earlier this week, the Kathmandu District court ruled that Chitrakar’s defamation claim could not be proven. We asked Chitrakar after the verdict about his conduct. His reply: “I’m sorry for the students who felt uncomfortable, but I did my duty well and good. It is ungrateful of the students to say that. Not everyone has to like me.” In answer to a query about his stance on intimate relationship between staff and student, he said: “For me it is a big no to date a student. Consequences arise and I am facing them now. Many staff-student intimate relations, including in my department, have ended in happy marriages. It’s a choice based on their personal and social ethics, and something to be determined by university policy.” Chitrakar said he now draws personal and professional boundaries with students, and says his relationship was not planned. He added, “Regardless of being a teacher I should not have dated a student because I'm a married man. If I was unmarried it would have been ok. While there is no definitive data on sexual misconduct in Nepal, interviews with more than 23 faculty and students from KU and TU for this story reveal that intimate staff-student relations are normalised, and in some cases even encouraged. Studies also suggest that sexual harassment is rampant in higher education in Nepal. The lack of university policies, power imbalance between staff and students, fear of retaliation, breaches of confidentiality, and the protection of perpetrators all contribute to impunity for sexual misconduct. Indeed, after students alleged sexual harassment, bullying, and homophobia against Yubaraj Sangroula of Kathmandu School of Law, and other faculty members in March 2025, the university filed slander lawsuits targeting a student whistleblower and alumni. Sangroula is contesting as an independent candidate in next week’s election from Jhapa-2. Seven years after complaints surfaced against retired lecturer Krishna Bhattachan for sexually harassing women students , Tribhuvan University, the government run institution, is still drafting its own policy and complaint procedure. And noted sculptor and former KU faculty member Gopal Kalapremi is yet to appear at Kathmandu District Court, after he was issued a summon on sexual harassment charges in 2024. Nepal’s Sexual Harassment at Workplace (Prevention) Act (2014) and the National Criminal (Code) Act, 2017 both forbid sexual relations",3.0,2026-03-05T15:29:56.678896
2,chitwan,चितवन,Shobha Basukala,शोभा बासुकला,DDG (ne2),Chitwan - 2 Candidates 2082: Official Profiles | चितवन - 2 | Nepal ...,https://election2082.erkshitiz.com.np/explore/bagmati/chitwan/chitwan-2,"List of election candidates 2082 in Chitwan -2. Detailed info onशोभाबासुकला, प्रताप सिंह तमाङ्ग, इन्द्र बहादुर स्याङतान, शक्ति राज गुरुङ, ऋषा गोले, देवी शर्मा, अस्‍मिन घिमिरे, प्रताप ...","List of election candidates 2082 in Chitwan -2. Detailed info onशोभाबासुकला, प्रताप सिंह तमाङ्ग, इन्द्र बहादुर स्याङतान, शक्ति राज गुरुङ, ऋषा गोले, देवी शर्मा, अस्‍मिन घिमिरे, प्रताप ...",2.7,2026-03-05T15:29:56.678898
2,chitwan,चितवन,Shobha Basukala,शोभा बासुकला,DDG (en1),Election Commission Nepal,https://election.gov.np/en/page/candidate-list-hor,"FAQ नेपालीElectionCommissionNepalKantipath, Kathmandu About us Electoral Framework Voter Education Political Party ResourcesElectionsFederalElection2025 National Assembly, 2082 PRElection, 2082","FAQ नेपालीElectionCommissionNepalKantipath, Kathmandu About us Electoral Framework Voter Education Political Party ResourcesElectionsFederalElection2025 National Assembly, 2082 PRElection, 2082",2.7,2026-03-05T15:29:56.678900
2,chitwan,चितवन,Shobha Basukala,शोभा बासुकला,Reddit/r/Bhojpuriyas,[r/Bhojpuriyas] Nepal's election campaign in Bhojpuri language.,https://www.reddit.com/r/Bhojpuriyas/comments/1reitox/nepals_election_campaign_in_bhojpuri_language/,↑51  💬30,"Rukshana Kapali is one of the GenZ candidates of Nepal's election. She recently published Bhojpuri language pamphlet.

# Join our 
## [Discord Server](https://discord.gg/K9kGPzCdMg) and 
# Follow our page on 
## [Instagram](https://www.instagram.com/bhoj.puriyas)
# Check out our 
## [Official Playlists](https://linktr.ee/BhojpuriMusic)
# [Donate Us](https://buymeacoffee.com/bhojpuriyas)


*I am a bot, and this action was performed automatically. Please [contact the moderators of this subreddit](/message/compose/?to=/r/Bhojpuriyas) if you have any questions or concerns.*
---
Kehu ta kuchu karataa aapan bhojpuri bhasa khatir 🙏🏻❤️
---
[Her social where I found this](https://linktr.ee/rukshanainpolitics)
---
Feeling good about it that our neighbours are preserving the language.

And Feeling bad that apane log Bhojpuri bole me ,likhe me lajala. Abhitakle bhojpuri bhasa ke manyata naikhe milal jab ki Bhojpuri bhasi ke sankhya bohut bawe.",2.7,2026-03-05T15:29:56.678903
2,chitwan,चितवन,Shobha Basukala,शोभा बासुकला,Nepali Times,West Asia war and Nepalis,https://www.nepalitimes.com/news/west-asia-war-and-nepalis,,"West Asia war and Nepalis Two million Nepalis live and work in the Gulf region that is the mainstay of country’s economy through remittances 28 February 2026 Nepali Times 0 Passengers at Kathmandu airport waiting for flights on Saturday evening. On Saturday, Iran retaliated with missile strikes on Abu Dhabi, Dubai, Bahrain and Qatar, a region where there are an estimated 2 million Nepalis working to send money home. In addition, thousands of Nepalis were preparing to board flights to Kathmandu from West Asian cities this weekend to vote in the 5 March election. Many are said to be stranded at various aviation hubs. A Qatar Airways flight from Doha took off just before the air space was closed, while Air Arabia and Kuwait Airways have diverted or cancelled flights. Nepalis in the West Asian region said things were relatively calm where they were, although some heard loud explosions at about noon local time. In Dubai, some thought they were Ramadan fireworks. In Kuwait, nearly 2,000 Nepalis working in the US military base as security guards and cleaners were evacuated before the strikes. In Bahrain where the US Fifth Fleet naval base is located and which was hit by two Iranian missiles, workers contacted by Nepali Times said the situation was under control and the authorities had told everyone to stay indoors and not use highways. The conflict also coincided with the beginning of Nepal’s trekking and mountaineering season, and tourists were either on their way or planning to leave European and North American cities for Himalayan hikes. Most of them transit through Doha, Dubai or Kuwait and all three airports are closed. Turkish Airlines flights via Istanbul are still operating. Qatar and UAE airspace closed. Credit: Flightradar24 However, the main impact for the world could be a spike in the price of petroleum products if the strategic Strait of Hormuz is blocked. China relies on Iranian oil for their refineries, and Nepal could be affected indirectly if the economies of its neighbours are hit. Nepal imports all its diesel, petrol, LPG and aviation fuel from India which sources it mainly from the Gulf, and until recently from Russia. Petroleum makes up 25% of the value of all imports, and that is more than Nepal earns from all its exports. Saudi Arabia this year overtook the UAE as the main destination for Nepali workers, with the number now totalling 400,000. There are said to be as many in the UAE, and another 350,000 in Qatar. There are another 100,000 mostly women in Kuwait, and 50,000 each in Oman and Bahrain. Iran retaliated with missile strikes on Abu Dhabi, Dubai, Bahrain and Qatar on Saturday. Nepal receives nearly $11 billion a year in remittances from overseas Nepalis (not counting India) through official channels, although the total is said to be much more.  This makes up more than a quarter of Nepal’s GDP equivalent — one of the highest proportions in the world. More than half of the overseas remittances to Nepal comes from its workers in the Gulf, and it is the mainstay of the country’s economy. Nepalis in Saudi Arabia, Qatar and the UAE alone send home more than $3 billion a year, much of that helping support their families back home. An average Nepali worker in the Gulf sends home nearly $2,500 a year, and this is spent mainly for household supplies, children’s education and healthcare. There are also an estimated 7,000 Nepali caregivers and healthcare workers in Israel, and most of them are women. The Nepal Embassy has asked Nepalis in Israel to take caution and move to bomb shelters. Tags overseas Nepalis West Asia conflict Gulf countries",2.7,2026-03-05T15:29:56.678905
2,chitwan,चितवन,Shobha Basukala,शोभा बासुकला,Nepali Times,International commentary on Nepal election,https://www.nepalitimes.com/news/international-commentary-on-nepal-election,,"International commentary on Nepal election Selection of readings from the foreign press about Nepal election 03 March 2026 0 The BBC documentary Shot Like Enemies: Inside Nepal’s GenZ Uprising set off a frenzied debate in the public sphere, highlighting how sensitive international coverage of the country still is for Nepalis despite the national media doing its job. The investigative report focussed on the massacre outside Parliament on 8 September that led to the collapse of the government and paved the way for the election on Thursday. There was praise from supporters of the film and scathing criticism. Raw clips and leaked conversations showed how deliberately the protesters were shot in cold blood. Others saw a sinister conspiracy behind the release of what they regarded as a one-sided documentary just a week before the election. News in the foreign media of the election from Nepal was eclipsed this week by the war in West Asia. Nepali Times brings this selection of readings from the international press. For the complete articles go online or type in the links. Read the full story here. Read the full story here. Read the full story here. Read the full story here. Read the full story here. Read the full story here. Tags Al Jazeera BBC Nepal elections Balen Shah RSP Gen Z protests Scroll In THe Hindu Atlantic Council",2.7,2026-03-05T15:29:56.678907
2,chitwan,चितवन,Shobha Basukala,शोभा बासुकला,Reddit/r/NepalSocial,[r/NepalSocial] Nepal Army reached out after seeing my election intelligence dashboard. Here it is.,https://www.reddit.com/r/NepalSocial/comments/1rl99yv/nepal_army_reached_out_after_seeing_my_election/,↑34  💬19,"On-demand fact-checking, situational map, provincial and national summaries, and developing stories all in one place.

Thanks for making a submission. Please use an appropriate flair for better reach and response. In case of a NSFW post, tag it as NSFW and use ""sax sux” flair if it applies. Otherwise, the post will be removed.

*I am a bot, and this action was performed automatically. Please [contact the moderators of this subreddit](/message/compose/?to=/r/NepalSocial) if you have any questions or concerns.*
---
[link](https://nepalosint.com)
---
that's cool
---
This is OG
---
Boy oh boy
---
![gif](giphy|aWPGuTlDqq2yc)
---
Noiceeee what did they say and how did they approach you?
---
This is quality. No wonder they did. It's really well made",2.1,2026-03-05T15:29:56.678909
2,chitwan,चितवन,Shobha Basukala,शोभा बासुकला,OnlineKhabar EN,Holi colours and skin health: Risks and precautions,https://english.onlinekhabar.com/holi-colours-and-skin-health-risks-and-precautions.html,,"Holi colours and skin health: Risks and precautions Onlinekhabar Friday, February 27, 2026 0 Comments File Holi is not just a festival of colours; it celebrates the arrival of spring, social harmony, and joy. The festival is also deeply connected to religious and cultural traditions. In recent years, however, the nature of the colours associated with Holi has changed significantly. Natural colours made from flowers, plants, and soil have gradually disappeared, replaced by commercially available chemical colours. Experience shows that in the days following Holi each year, cases of skin, eye, and hair problems rise noticeably. Based on both experience and scientific evidence, this article focuses on the types of colours used during Holi, their chemical composition, associated health risks, and preventive measures. Traditionally, Holi colours were mostly natural. Turmeric, saffron, or yellow flowers were used to produce yellow; red flowers, such as palash for red; spinach or fenugreek leaves for green; and indigo powder for blue. These colours were skin-friendly, easily soluble in water, and environmentally safe. With industrial production, the fundamental character of colours changed. Today, many colours available in the market are made from industrial dyes originally intended for colouring textiles and plastics. Their packaging often does not mention the risks of using them on the skin, and consumers are largely unaware of the potential hazards. From a chemical perspective, synthetic Holi colours often contain heavy metals and artificial pigments. For example, green may contain chromium oxide; red may include mercury sulfide or rhodamine B; black may contain lead oxide; blue may contain Prussian blue; and yellow may include lead chromate. These substances can penetrate beyond the skin’s surface. They may cause small wounds, rashes, allergies, and dryness. Engine oil, diesel, or low-grade mineral oil used to make colours appear glossy can further worsen skin damage. The effects on the skin can be both immediate and delayed. Immediate reactions include burning sensations, irritation, redness, itching, swelling, blisters, and rashes. These conditions are known as irritant or allergic contact dermatitis. In some individuals, itching and raised patches appear within minutes of applying colour. People who already have skin conditions such as atopic dermatitis, psoriasis, acne, melasma, vitiligo, or lupus are at greater risk from such chemical exposure. Delayed effects may include post-inflammatory hyperpigmentation (darkening of the skin), thinning of the skin, or chronic allergies. Certain heavy metals can accumulate in the body over time and potentially affect internal organs. Not only the skin, but the eyes and hair are also directly affected. Chemical colours entering the eyes can cause conjunctivitis, corneal erosion, light sensitivity, or blurred vision. When colours and oily substances accumulate on the hair, they may lead to dryness, breakage, split ends, dandruff, and hair fall. For individuals with asthma or allergies, inhaling coloured powder can irritate the lungs, leading to coughing and breathing difficulties. What precautions should be taken? Despite these risks, this does not mean Holi should not be celebrated. The problem lies in the selection and use of colours. Preventive measures are simple but effective. Applying a sufficient amount of moisturiser or coconut oil to the skin before playing Holi makes it harder for colours to penetrate. Using sunscreen while playing in the sun is important, as the combined effect of chemical colours and ultraviolet rays can intensify skin damage. Keeping nails short and applying lip balm are also helpful steps. For eye protection, glasses are safer than contact lenses. The most important factor is the choice of colour. Whenever possible, use certified herbal colours or natural colours prepared at home. It is wise to avoid cheap products marketed as “strong,” “permanent,” or “extra glossy.” Children’s skin is more sensitive, so extra care is required. Pregnant women, individuals with chronic skin diseases, and those on medication should avoid direct exposure to chemical colours as much as possible. How to clean up afterwards? Post-Holi skin care is equally important. Scrubbing forcefully with soap can damage the skin’s protective barrier. It is better to first rinse gently with plain water or a mild cleanser and then apply moisturiser. For hair, a mild shampoo and conditioner are sufficient. If the colour does not come off easily, it is advisable to wait a few days and let it fade naturally rather than using chemical removers. If there is severe irritation, blisters, or unbearable itching, immediate consultation with a dermatologist is necessary. The true essence of Holi lies not in the intensity of colours but in the sweetness of relationships. Returning to natural colours, practising safe celebration, and respecting others’ health are the true needs of today. —",2.1,2026-03-05T15:29:56.678911
2,chitwan,चितवन,Shobha Basukala,शोभा बासुकला,DDG (en1),These parties fielded indigenous and female candidates in Chitwan,https://ekantipur.com/news/2026/01/26/en/these-parties-fielded-indigenous-and-female-candidates-in-chitwan-00-27.html,"ShobhaBasukalaand Badri Lakshmi Kavan are NEMKIPA's femalecandidates. The Mongol National Organization, which has fieldedcandidatesin all three constituencies, has fielded Premlal Chaudhary from the tribal community in Chitwan-1 and Risha Gole, a woman, in Chitwan-2.","ShobhaBasukalaand Badri Lakshmi Kavan are NEMKIPA's femalecandidates. The Mongol National Organization, which has fieldedcandidatesin all three constituencies, has fielded Premlal Chaudhary from the tribal community in Chitwan-1 and Risha Gole, a woman, in Chitwan-2.",1.8,2026-03-05T15:29:56.678913
2,chitwan,चितवन,Shobha Basukala,शोभा बासुकला,Reddit/r/lgbt,[r/lgbt] Nepal's general election after the GenZ protests has a GenZ transgender candidate : Rukshana Kapali,https://www.reddit.com/r/lgbt/comments/1rdakk3/nepals_general_election_after_the_genz_protests/,↑631  💬5,"Nepal is having its General Elections post GenZ uprising and the only GenZ transgender candidate this election is Rukshana Kapali. She has a decade of history in social activism.

How are things in nepal since the uprising? Things seemed to be looking up fof them last year?
---
Nepal is one of the few countries in Asia that designate gender minorities (i think the more common word is third-gendered in Asia) as a protected class in the constitution.",1.8,2026-03-05T15:29:56.678915
